{"cameraMode":{"drawMode":0,"name":"Shaded","section":"Shading Mode"},"sceneLighting":true,"audioPlay":false,"sceneViewState":{"m_AlwaysRefresh":false,"showFog":true,"showSkybox":true,"showFlares":true,"showImageEffects":true,"showParticleSystems":true,"showVisualEffectGraphs":true,"m_FxEnabled":true},"in2DMode":false,"pivot":{"x":2.273651123046875,"y":0.12747442722320558,"z":0.6786394119262695},"rotation":{"x":0.05231020227074623,"y":-0.07930690795183182,"z":0.004167433362454176,"w":0.9954686760902405},"size":4.466025352478027,"orthographic":false}